Reiterzubehör (Satz);Kleinstadt;10 L;5;3;Tierführung;Reiten;G
Futterbeutel;Dorf;10 T;1;2;-;-;U
Kardätsche;Dorf;30 T;1;3;-;-;G
Packsattel;Kleinstadt;3 L;5;3;-;-;G
Pferdedecke;Dorf;50 T;3;1;-;-;U
Reitgerte;Kleinstadt;2 L;1;2;-;-;G
Reitsattel;Dorf;3 L;4;3;-;-;G
Satteltaschen;Dorf;1 L;3;2;-;-;G
Scheuklappen;Dorf;1 L;0;1;-;-;U
Sporen;Kleinstadt;2 L;1;6;-;-;G
Steigbügel;Dorf;1 L;0;4;-;-;G
Striegel;Dorf;30 T;1;3;-;-;G
Zaumzeug/Zuggeschirr;Dorf;1 L;1;2;-;-;G
Dressurutensilien (Satz);Kleinstadt;5 L;3;3;Tierführung;Abrichten;G
Dompteurgerte;Kleinstadt;2 L;1;2;-;-;G
Glöckchenbänder;Dorf;20 T;0;2;-;-;G
Halsband und Leine;Dorf;50 T;1;3;-;-;U
Maulkorb;Kleinstadt;1 L;0;3;-;-;G
Nasenring;Dorf;10 T;0;5;-;-;U
Raubtierpeitsche;Dorf;1 L;2;2;-;-;G
Stockschlinge;Kleinstadt;2 L;2;4;-;-;G
Tierkäfig, groß;Dorf;2 L;4;5;-;-;G
Tierkäfig, klein;Dorf;1 L;2;5;-;-;G
Falknerutensilien (Satz);Kleinstadt;5 L;1;2;Tierführung;Abrichten;G
Falkenmaske;Kleinstadt;1 L;0;2;-;-;G
Falknerhandschuh;Kleinstadt;2 L;1;2;-;-;G
Federspiel;Kleinstadt;50 T;0;2;-;-;U
Beizbalg;Kleinstadt;50 T;0;2;-;-;U
Bogenfalle;Dorf;20 T;1;2;Jagdkunst;Fallen stellen;G
Fangkäfig, groß;Kleinstadt;4 L;6;6;Jagdkunst;Fallen stellen;G
Fangkäfig, klein;Kleinstadt;2 L;4;6;Jagdkunst;Fallen stellen;G
Fangnetz;Dorf;60 T;2;1;Jagdkunst;Fallen stellen;G
Kastenfalle, groß;Dorf;2 L;6;3;Jagdkunst;Fallen stellen;F
Kastenfalle, klein;Dorf;90 T;4;3;Jagdkunst;Fallen stellen;F
Leimrute;Dorf;10 T;1;2;Jagdkunst;Fallen stellen;U
Rosshaarschlinge;Dorf;20 T;1;1;Jagdkunst;Fallen stellen;G
Schlageisen;Dorf;80 T;2;5;Jagdkunst;Fallen stellen;G
Schlingfalle;Dorf;1 L;1;2;Jagdkunst;Fallen stellen;G
Tellereisen;Kleinstadt;2 L;3;6;Jagdkunst;Fallen stellen;F

