Bastmütze;Dorf;10 T;1;1;-;-;U;
Bundhaube;Dorf;10 T;0;0;-;-;G;
Filzhut;Dorf;15 T;0;0;-;-;G;
Gesichtsschleier;Dorf;20 T;0;0;-;-;G;
Gugel;Dorf;15 T;0;1;-;-;G;
Kopftuch;Dorf;10 T;0;0;-;-;U;
Pelzkappe;Dorf;40 T;1;2;-;-;G;
Stirnband;Dorf;10 T;0;0;-;-;U;
Strohhut;Dorf;5 T;0;0;-;-;U;
Adelskleidung;Großstadt;30 L;3;0;Diplomatie;Umgangsformen;F;
Bauernkleidung;Dorf;50 T;3;0;-;-;U;
Festtagskleidung;Dorf;10 L;3;0;Diplomatie;Diverse;G;
Gelehrtenkleidung;Kleinstadt;5 L;3;0;-;-;F;
Handwerkerkleidung;Dorf;1 L;3;1;-;-;G;
Höflingskleidung;Kleinstadt;20 L;3;0;Diplomatie;Umgangsformen;F;
Künstlerkleidung;Kleinstadt;10 L;2;0;Darbietung;Diverse;G;
Klerikale Kleidung;Kleinstadt;5 L;3;0;Diplomatie;Bekehren;F;
Prachtgewand;Kleinstadt;20 L;4;0;Diplomatie;Diverse;M;
Reisekleidung;Dorf;2 L;3;1;Zähigkeit;Erschöpfung widerstehen;G;
Seefahrerkleidung;Kleinstadt;3 L;3;0;-;-;G;
Straßenkleidung;Dorf;1 L;3;0;-;-;U;
Tanzgewand;Kleinstadt;5 L;2;0;Darbietung;Tanzen;G;
Wildniskleidung;Dorf;3 L;3;1;Zähigkeit;Erschöpfung widerstehen;G;
Winterkleidung;Dorf;8 L;4;1;Zähigkeit;Kälte widerstehen;G;
Polarkleidung;Dorf;30 L;5;1;Zähigkeit;Kälte widerstehen;G;
Wüstenkleidung;Kleinstadt;8 L;3;0;Zähigkeit;Hitze widerstehen;G;
Cabanmantel;Kleinstadt;4 L;2;1;-;-;G;
Kapuzenmantel ;Dorf;2 L;2;1;-;-;G;
Ledermantel;Kleinstadt;3 L;3;2;-;-;G;
Lodenmantel;Dorf;2 L;2;1;-;-;G;
Pelerine/Umhang;Dorf;1 L;1;1;-;-;G;
Pelzmantel;Kleinstadt;5 L;3;2;-;-;G;
Radmantel;Dorf;1 L;2;1;-;-;G;
Wollmantel;Dorf;1 L;2;1;-;-;G;
Wendemantel;Großstadt;15 L;3;1;-;-;F;
Fellstiefel;Dorf;3 L;2;2;-;-;G;
Galoschen;Kleinstadt;30 T;0;0;-;-;U;
Hochseilschuhe;Kleinstadt;15 T;0;0;Akrobatik;Balancieren;G;
Lederstiefel;Kleinstadt;2 L;1;1;-;-;G;
Reiterstiefel;Kleinstadt;4 L;2;2;-;-;G;
Sandalen;Dorf;50 T;0;0;-;-;U;
Schnabelschuhe;Kleinstadt;1 L;1;1;-;-;G;
Stoffschuhe;Dorf;50 T;0;0;-;-;U;
Straßenschuhe;Dorf;1 L;1;1;-;-;G;
Schmugglerstiefel;Kleinstadt;10 L;1;1;-;-;F;
Schneeschuhe;Kleinstadt;10 L;2;2;-;-;G;
Schlittschuhe;Großstadt;10 L;2;1;Akrobatik;Eislauf;G;
Tanzschuhe;Kleinstadt;15 T;0;0;-;-;G;
Trippen;Dorf;20 T;1;2;-;-;U;
Augenklappe;Dorf;10 T;0;0;-;-;U;
Gesichtsmaske;Kleinstadt;5 L;1;1;-;-;U;
Halstuch/Schal;Dorf;30 T;0;0;-;-;U;
Hemd/Wams;Dorf;30 T;1;1;-;-;G;
Hose;Dorf;30 T;1;1;-;-;G;
Gürtel;Dorf;15 T;0;1;-;-;U;
Mieder;Dorf;50 T;1;0;-;-;G;
Kleid;Dorf;60 T;1;1;-;-;G;
Lederhandschuhe;Kleinstadt;1 L;0;1;-;-;G;
Leinenweste;Dorf;1 L;2;0;-;-;G;
Lendenschurz;Dorf;50 T;1;1;-;-;U;
Nachthemd;Dorf;50 T;0;0;-;-;U;
Rock;Dorf;30 T;1;1;-;-;G;
Samthandschuhe;Kleinstadt;5 L;0;0;-;-;G;
Schneebrille;Kleinstadt;3 L;0;1;-;-;G;
Schürze;Dorf;30 T;1;0;-;-;U;
Seidenstrümpfe;Kleinstadt;5 L;0;0;-;-;G;
Unterkleidung;Dorf;50 T;0;0;-;-;U;
Wollfäustlinge;Dorf;30 T;0;0;-;-;G;

