Brotbeutel (0,5 l);Dorf;5 T;0;0;-;-;U
Geldbeutel (0,5 l);Dorf;10 T;0;0;-;-;U
Gürteltasche (1 l);Kleinstadt;50 T;0;1;-;-;U
Holzkästchen (5 l);Dorf;1 L;1;2;-;-;U
Holzkoffer, verschließbar (20 l);Kleinstadt;5 L;3;3;-;-;G
Leinensack;Dorf;10 T;1;1;-;-;U
Pulverhorn (30 cl);Großstadt;50 T;0;2;-;-;G
Reisetruhe, verschließbar (30 l);Kleinstadt;10 L;6;4;-;-;G
Rucksack (25 l);Dorf;1 L;1;1;-;-;U
Seesack (25 l);Dorf;80 T;1;1;-;-;G
Tragekorb (20 l);Dorf;50 T;1;1;-;-;G
Trankbeutel;Kleinstadt;3 L;0;1;-;-;G
Umhängetasche (15 l);Dorf;80 T;1;0;-;-;G
Fass (5 l);Dorf;50 T;5;3;-;-;G
Feldflasche (0,5 l);Kleinstadt;40 T;1;1;-;-;G
Holzeimer (10 l);Dorf;10 T;2;2;-;-;U
Phiole (4 cl);Großstadt;1 L;0;0;-;-;G
Tiegel (20 cl);Dorf;20 T;0;1;-;-;G
Tonkrug (2 l);Dorf;10 T;1;1;-;-;U
Trinkhorn (0,5 l);Dorf;10 T;0;2;-;-;G
Wasserschlauch (3 l);Dorf;10 T;1;1;-;-;U
Behälter für 10 Rollen;Kleinstadt;1 L;1;1;-;-;G
Behälter für 25 Rollen;Kleinstadt;2 L;1;1;-;-;G
Behälter für 50 Rollen;Großstadt;3 L;1;1;-;-;G
Behälter für 50 Rollen, verziert;Kleinstadt;+1 L;1;1;-;-;G
Behälter für 50 Rollen, mit Geheimfach;Großstadt;+3 L;1;1;-;-;F
Behälter für 50 Rollen, Schnellziehvariante;Metropole;+5 L;1;1;-;-;F

