Bichwa;Kleinstadt;3 L;1;5;G;1W6;6;BEW+INT;BEW 2;Durchdringung (1), Kritisch (1)
Bundi;Kleinstadt;4 L;1;5;G;1W6+1;6;BEW+STÄ;STÄ 2;Entwaffnungsschutz (2)
Dornenhandschuh;Großstadt;8 L;1;4;F;1W6;5;BEW+STÄ;STÄ 2;Entwaffnend (1), Defensiv (2), Parierwaffe (1)
Dornenhandschuh, freihändig;Großstadt;10 L;1;4;F;1W6;6;BEW+STÄ;STÄ 2;Defensiv (2), Entwaffnend (2), Freihändig, Parierwaffe (1), Scharf (2)
Eimitzi-Dornen;Kleinstadt;7 L;0;7;G;1W6;5;BEW+INT;INT 3;Ablenkend, Scharf (2)
Eisenarmschienen;Kleinstadt;6 L;1;7;G;1W6;7;INT+STÄ;STÄ 2;Defensiv (1), Exakt (1), Freihändig, Kritisch (1), Parierwaffe (0)
Faustdorn;Kleinstadt;2 L;0;7;G;1W6;6;BEW+STÄ;STÄ 2;Durchdringung (1), Scharf (2)
Großer Kriegsfächer;Großstadt;15 L;2;6;G;1W10+3;10;BEW+INT;BEW 4, INT 3;Exakt (2), Kritisch (3), Zweihändig
Gzayai;Kleinstadt;3 L;1;5;G;1W6;6;BEW+INT;BEW 2;Durchdringung (1), Kritisch (1)
Katar;Kleinstadt;3 L;1;5;G;1W6+1;6;BEW+STÄ;BEW 2;Scharf (2)
Katzenkrallen;Kleinstadt;6 L;0;6;G;1W6;5;BEW+INT;BEW 2, INT 2;Kritisch (1)
Kriegsfächer;Kleinstadt;12 L;1;5;G;1W6+2;8;BEW+INT;BEW 3, INT 2;Defensiv (1), Exakt (1), Kritisch (2), Parierwaffe (0)
Liandia;Großstadt;5 L;1;7;G;1W6+1;6;BEW+INT;INT 2;Defensiv (1), Entwaffnend (1), Parierwaffe (0)
Navirkrallen;Kleinstadt;4 L;1;7;G;1W6+3;8;BEW+STÄ;BEW 3, STÄ 2;Kritisch (3), Scharf (3)
Panzerhandschuh;Großstadt;5 L;1;7;G;1W6+1;7;BEW+STÄ;STÄ 2;Defensiv (1), Entwaffnend (2), Freihändig, Parierwaffe (0)
Schlagring;Kleinstadt;7 L;1;6;U;1W6;5;BEW+STÄ;/;Scharf (2)
Schuhsporn;Großstadt;3 L;0;6;F;1W6;6;BEW+INT;BEW 2;Durchdringung (1), Freihändig
Sichel;Dorf;1 L;1;7;G;1W6+1;7;BEW+STÄ;/;Improvisiert, Scharf (2)
Steindorn;Dorf;50 T;0;5;U;1W6;6;BEW+STÄ;STÄ 2;Durchdringung (1), Primitiv, Scharf (2)
Tigerfänger;Kleinstadt;3 L;1;5;G;1W6;6;BEW+INT;BEW 2;Durchdringung (1), Kritisch (1)
Tigerklauen;Kleinstadt;3 L;1;5;G;1W6+1;6;BEW+STÄ;BEW 3;Kletterhilfe, Kritisch(1)