Bergbarte;Kleinstadt;18 L;3;6;G;2W6+5;11;KON+STÄ;KON 2, STÄ 3;Lange Waffe, Wuchtig, Zweihändig
Bronzekeule;Kleinstadt;7 L;2;5;G;1W6+5;10;BEW+STÄ;BEW 2, STÄ 4;Wuchtig
Doppelaxt;Kleinstadt;18 L;4;5;G;3W6+3;13;INT+STÄ;INT 3, STÄ 5;Durchdringung (2), Unhandlich, Wuchtig, Zweihändig
Enterbeil ;Kleinstadt;6 L;2;5;G;1W6+4 ;8;BEW+STÄ;BEW 2, STÄ 2;Kletterhilfe
Keule;Dorf;1 L;2;3;U;1W6+2;7;KON+STÄ;STÄ 2;Primitiv
Kralle;Großstadt;4 L;2;4;U;1W10+2;9;BEW+STÄ ;STÄ 3;Primitiv, Scharf (2)
Kriegsbeil;Kleinstadt;8 L;2;5;G;1W10+3;9;BEW+STÄ;BEW 2, STÄ 3;-
Kriegshammer;Kleinstadt;18 L;4;6;G;2W10+4;12;KON+STÄ;STÄ 5,KON 3;Unhandlich, Wuchtig, Zweihändig, 
Macuahuitl;Großstadt;12 L;3;4;G;2W6;8;KON+STÄ;KON 2, STÄ 3;Kritisch (2), Primitiv
Reiterhammer;Kleinstadt;9 L;2;6;G;1W6+4;9;INT+KON;INT 3;Reiterwaffe (2)
Schlagstock;Dorf;2 L;1;3;U;1W6+2;6;BEW+STÄ; /;Stumpf
Spitzhacke;Dorf;4 L;3;5;U;3W6+2;12;KON+STÄ;KON 2, STÄ 3;Improvisiert, Primitiv, Wuchtig, Zweihändig
Spitzhammer;Kleinstadt;6 L;2;5;G;1W6+1;7;INT+STÄ;STÄ 2;Durchdringung (1), Kletterhilfe
Stabkeule;Kleinstadt;18 L;4;6;G;3W6+1;12;BEW+STÄ;BEW 2, STÄ 3 ;Durchdringung (1), Kritisch (2), Lange Waffe, Wuchtig, Zweihändig
Streitaxt;Kleinstadt;16  L;4;5;G;2W10+1;11;KON+STÄ;STÄ 3, KON 2;Scharf (2), Zweihändig, Wuchtig
Streithammer;Kleinstadt;16 L;3;6;G;2W6+3;11;KON+STÄ;STÄ 4, KON 2;Scharf (2), Vielseitig
Streitkolben;Kleinstadt;8 L;2;5;G;1W6+5;9;BEW+KON;BEW 2, STÄ 2;-
Stuhlbein, Flasche, Nudelholz;Dorf;-;1;1-2;U;1W6+1;7;BEW+STÄ;/;Improvisiert, Primitiv
Taiaha;Großstadt;14 L;4;4;G;1W10+3;10;BEW+STÄ;BEW 3, STÄ 2;Exakt (1), Doppelwaffe, Durchdringung (2), Zweihändig
Valask;Großstadt;12 L;3;5;F;1W6+2;9;BEW+INT;BEW 2, INT 2;Exakt (1), Improvisiert, Kletterhilfe, Unauffällig I, Vielseitig
Wurfbeil;Dorf;6 L;2;5;G;1W6+3;8;BEW+STÄ;STÄ 2;Improvisiert, Wurffähig
Wurfhammer;Dorf;5 L;2;5;G;1W6+4;9;KON+STÄ;STÄ 2;Improvisiert, Wurffähig
Zweihandkeule;Kleinstadt;13 L;4;4;G;2W10+4;14;KON+STÄ;KON 4, STÄ 5;Kritisch (3), Primitiv, Unhandlich, Wuchtig, Zweihändig