Asteria-Perlen, weiß;Metropole;3 L;0;2;-1;3 m;-;
﻿Asteria-Perlen, blau;Metropole;5 L;0;2;-1;3 m;-;
﻿Asteria-Perlen, rot/grün/golden;Metropole;10 L;0;2;-1;3 m;-;
Blendlaterne;Dorf;2 L;2;3;-3;15 m;G;
Fackel;Dorf;1 T;1;2;-3;10 m;U;
Kerze, 5 Stück;Dorf;1T;1;0;-2;3 m;U;
Kohlebecken;Dorf;5 L;4;6;-2;5 m;G;
Laterne;Dorf;50 T;2;3;-3;15 m;G;
Öllampe;Dorf;15 T;1;1;-2;3 m;G;
Talglicht, 10 Stück;Dorf;1T;0;0;-2;1 m;U;
Feuerstein und Stahl;Dorf;15 T;0;4;-;-;U;
Lampenöl, 12 Stunden;Dorf;20 T;0;-;-;-;-;
Schwefelhölzer, 10 Stück;Großstadt;50 T;0;2;-;-;F;
Zunderschachtel;Dorf;5 T;0;2;-;-;U;

