Brettspiel;Kleinstadt;50 T   ;1;2;-;-;U
Glasspiegel;Großstadt;10 L;2;0;-;-;F
Handspiegel;Kleinstadt;3 L;1;3;-;-;G
Jonglierball;Dorf;5 T;0;1;-;-;U
Kartenspiel;Dorf;15 T;0;0;-;-;U
Kristallspiegel;Metropole;20 L;2;0;-;-;M
Porzellanpuppe;Kleinstadt;5 L;1;2;-;-;G
Puppe;Dorf;5 T;0;2;-;-;U
Spiegel;Kleinstadt;3 L ;2;0;-;-;G
Stundenglas/Sanduhr;Kleinstadt;1 L;0;1;-;-;G
Würfel;Dorf;5 T;0;2;-;-;U
Zinnfiguren;Kleinstadt;15 T;0;4;-;-;G
Geschmeide, einfach (Satz);Kleinstadt;10 L;0;2;Diplomatie;Diverse;F
Amulett;Dorf;30 T;0;3;-;-;G
Arm- /Fußreif, Kupfer;Dorf;60 T;0;4;-;-;G
Arm- /Fußreif, Silber;Kleinstadt;2 L;0;4;-;-;G
Arm- /Fußreif, Gold;Großstadt;10 L;0;4;-;-;G
Diadem;Kleinstadt;3 L;0;2;-;-;F
Drachlingsschmuckstück;Metropole;30 L;0;4;-;-;-
Federschmuck;Dorf;30 T;0;1;-;-;G
Kette, Kupfer;Dorf;60 T;0;2;-;-;G
Kette, Silber;Kleinstadt;2 L;0;2;-;-;G
Kette, Gold;Großstadt;10 L;0;2;-;-;G
Ring, Kupfer;Dorf;50 T;0;4;-;-;G
Ring, Silber;Kleinstadt;150 T;0;4;-;-;G
Ring, Gold;Großstadt;8 L;0;4;-;-;G
Pfeife / Kimeru;Dorf;15 T;0;2;-;-;U
Tabak, einfach;Dorf;5 T;0;-;-;-;-
Tabak, Luxus;Kleinstadt;2 L;0;-;-;-;-
Wasserpfeife;Kleinstadt;5 L;2;2;-;-;G
Fiedel;Dorf;1 L;2;2;Darbietung;Saiteninstrumente;G
Flöte, besser;Dorf;50 T ;0;2;Darbietung;Blasinstrumente;G
Flöte, einfach;Dorf;10 T;0;2;Darbietung;Saiteninstrumente;U
Handtrommel;Dorf;50 T;2;2;Darbietung;Schlaginstrumente;U
Horn;Dorf;1 L;1;2;Darbietung;Blasinstrumente;G
Laute / Ud;Kleinstadt;2 L   ;3;2;Darbietung;Saiteninstrumente;G
Leier;Dorf;1 L;2;2;Darbietung;Saiteninstrumente;G
Pauke;Kleinstadt;2 L;4;2;Darbietung;Schlaginstrumente;G
Schalmei;Kleinstadt;2 L;2;2;Darbietung;Blasinstrumente;G
Standharfe;Kleinstadt;15 L;6;3;Darbietung;Saiteninstrumente;F
Trompete / Mizmar;Kleinstadt;2 L;3;3;Darbietung;Blasinstrumente;G
Valiha;Metropole;5 L;3;3;Darbietung;Saiteninstrumente;G
Kristallkugel;Großstadt;15 L;1;1;Arkane Kunde;Wahrsagung;G
Orakelknochen;Kleinstadt;50 T;0;1;Arkane Kunde;Wahrsagung;U
Orakelteller;Kleinstadt;1 L;0;2;Arkane Kunde;Wahrsagung;U
Wahrsagebrett;Großstadt;3 L;1;2;Arkane Kunde;Wahrsagung;G

