Tuch, leicht;Kleinstadt;6 L;3;2;G;+1;0;0;0;0;-;
Tuch, mittel;Kleinstadt;7 L;3;2;G;0;1;0;0;0;-;
Tuch, schwer;Kleinstadt;8 L;3;2;G;+2;0;1;0;0;-;
Leder, leicht;Kleinstadt;9 L;3;3;G;+1;1;1;0;1;-;
Leder, mittel;Kleinstadt;10 L;4;3;G;+2;1;2;0;1;Standfest;
Leder, schwer;Kleinstadt;11 L;4;3;F;+3;0;0;1;1;-;
Fell, leicht;Dorf;3 L;2;2;U;0;2;1;0;1;Kälteschutz, Primitiv;
Fell, mittel;Dorf;4 L;3;2;U;+1;2;0;1;1;Primitiv;
Fell, schwer;Dorf;5 L;4;2;G;+2;2;2;1;2;Wattiert;
Kette, leicht;Kleinstadt;12 L;4;6;G;+2;2;1;1;2;-;
Kette, mittel;Kleinstadt;13 L;4;6;F;+2;4;2;1;2;Standfest;
Kette, schwer;Großstadt;15 L;4;6;F;+3;2;3;2;2;Wattiert;
Schuppe, leicht;Kleinstadt;16 L;4;7;G;+3;0;1;1;2;Standfest;
Schuppe, mittel;Kleinstadt;18 L;5;7;F;+3;3;2;1;2;-;
Schuppe, schwer;Kleinstadt;20 L;5;7;F;+4;2;4;2;3;Wattiert;
Platte, leicht;Großstadt;25 L;5;7;F;+3;1;1;1;3;Standfest;
Platte, mittel;Großstadt;27 L;5;7;F;+3;3;4;2;3;Wattiert;
Platte, schwer;Großstadt;30 L;6;7;M;+4;4;3;3;4;-;
Selenischer Rossharnisch;Metropole;35 L;8;7;M;0;4;0;0;0;-;

