Bathlia;Großstadt;20 L;4;6;F;2W6+4;10;BEW+INT;BEW 4, INT 3;Defensiv (1), Doppelwaffe, Entwaffnend (1), Scharf (2), Zweihändig, 
Donnerkeule;Großstadt;16 L;4;4;G;3W6+3;13;INT+KON;INT 2, KON 4;Kritisch (2), Lange Waffe, Zweihändig
Doppelschwert;Großstadt;20 L;3;7;F;2W10;10;BEW+INT;BEW 4, INT 3;Doppelwaffe, Scharf (3), Zweihändig
Dreizack;Kleinstadt;14 L;3;5;G;2W10;10;BEW+STÄ;BEW 3, STÄ 2;Entwaffnend (1), Lange Waffe, Scharf (3), Zweihändig,
Fulnisches Doppelschwert;Metropole;25 L;3;7;A;2W10+1;11;BEW+INT;BEW 4, INT 4;Doppelwaffe, Teilbar, Scharf (3), Zweihändig
Glefe;Kleinstadt;12 L;4;5;F;2W10+1;11;BEW+STÄ;BEW 3, STÄ 2;Lange Waffe, Wuchtig, Zweihändig
Godenspeer;Kleinstadt;7 L;3;5;G;3W6;11;BEW + INT;BEW 2, INT 2;Kritisch (2), Lange Waffe, Scharf (2), Zweihändig
Hellebarde;Kleinstadt;18 L;4;5;F;3W6+3;12;BEW+STÄ;BEW 2, STÄ 3;Lange Waffe, Wuchtig, Zweihändig
Hohlspeer;Metropole;25 L;3;3;A;1W6+3;8;BEW+INT;BEW 2, INT 4;Improvisiert
Holzspeer;Dorf;2 L;3;3;U;1W10+2;10;INT+BEW; /;Primitiv, Vielseitig
Kampfstab;Dorf;4 L;3;4;G;1W10+2;9;BEW+INT;/;Defensiv (2), Doppelwaffe, Lange Waffe, Zweihändig
Klingenstab;Kleinstadt;6 L;3;5;F;2W6;9;STÄ+INT;INT 4, STÄ 3;Durchdringung (1), Lange Waffe, Vielseitig
Lanze;Kleinstadt;16 L;4;3;G;2W10+1;15;KON+STÄ;STÄ 4,KON 4;Lange Waffe, Reiterwaffe (6), Scharf (3), Wuchtig, Zweihändig
Mondaxt;Großstadt;20 L;4;5;F;2W10+2;12;BEW+STÄ;BEW 2, STÄ 4;Doppelwaffe, Wuchtig, Zweihändig
Naginata;Kleinstadt;12 L;4;5;F;2W6+4;11;BEW+STÄ;BEW 3, STÄ 2;Kritisch (3), Lange Waffe, Scharf (3), Zweihändig
Sense;Dorf;3 L;3;4;G;3W6+3;12;BEW+KON;KON 3;Improvisiert, Lange Waffe, Primitiv, Zweihändig
Speer;Dorf;8 L;3;4;G;1W10+5;12;BEW+STÄ;BEW 3, STÄ 2;Lange Waffe, Scharf (3), Vielseitig
Sturmsense;Dorf;4 L;4;5;U;2W10+4;13;BEW+KON;KON 3, BEW 3;Lange Waffe, Wuchtig, Zweihändig
Totenfänger;Metropole;12 L;3;4;F;2W10+1;12;INT+STÄ;INT 2, STÄ 2;Improvisiert, Lange Waffe, Umklammern, Wuchtig, Zweihändig
Valkyrja-Speer ;Kleinstadt;8 L;2;5;G;1W10+2;8;BEW+INT;BEW 3,INT 3;Wurftauglich
Vangarasstab;Großstadt;14 L;4;5;F;3W6+1;13;BEW+STÄ;STÄ 4, BEW 3;Lange Waffe, Vielseitig, Wuchtig
Wundreißer;Metropole;16 L;3;4;G;2W10+3;13;BEW+STÄ;BEW 2, STÄ 4;Kritisch (2), Lange Waffe, Scharf (2), Wuchtig, Zweihändig
Wurflanze;Kleinstadt;7 L;3;4;G;1W10;12;BEW+STÄ;BEW 3, STÄ 3;Exakt (2), Kritisch (1), Reiterwaffe (2), Vielseitig, Wurftauglich, Wuchtig
Wurfspeer;Dorf;7 L;2;4;G;1W6+4;9;BEW+STÄ;BEW 2, STÄ 2;Improvisiert, Wurftauglich
Zackenspieß;Kleinstadt;16 L;3;5;F;1W6+5;11;BEW+STÄ;BEW 2, STÄ 2;Durchdringung (2), Entwaffnend (1), Lange Waffe, Vielseitig
Zweiklingen;Großstadt;20 L;3;7;F;2W6+2;9;INT+STÄ;INT 3, STÄ 4;Doppelwaffe, Kritisch (3), Zweihändig

