Bogensehne;Dorf;50 T;0;0;-;-;G
Dolchscheide;Dorf;30 T;0;2;-;-;G
Köcher (leer);Dorf;50 T;0;1;-;-;G
Sattelköcher;Kleinstadt;2 L ;1;2;-;-;G
Scheide für Zweihandwaffe;Kleinstadt;90 T;1;1;-;-;G
Schleifstein;Dorf;50 T;0;4;-;-;U
Schwertscheide;Dorf;50 T;0;2;-;-;G
Verborgene Dolchscheide;Kleinstadt;2L;0;2;-;-;F
Waffenbürste;Dorf;30 T;1;3;-;-;U
Waffenpolitur;Kleinstadt;1 L;1;0;-;-;U
Brustgürtel mit Dolchscheiden;Kleinstadt;2 L;0;1;-;-;G
Brustgürtel mit Pfeilköcher;Kleinstadt;2 L;0;1;-;- ;G
Brustgürtel mit Tragebeutel;Kleinstadt;1 L;0;1;-;-;G
Waffengürtel, Arm;Großstadt;1 L;0;1;-;-;G
Waffengürtel, Bein;Großstadt;1 L;0;1;-;-;G
Waffengürtel, Hüfte;Kleinstadt;2 L;1;1;-;-;G
Waffengürtel, Rücken;Großstadt;2 L;1;1;-;-;G

