Schreibtafel;Dorf;50 T;2;3;-;-;U
Pergament, 1  Bogen;Kleinstadt;10 T;0;0;-;-;U
Schriftrolle;Kleinstadt;2 L;1;1;-;-;G
Foliant (leer);Großstadt;15 L;2;1;-;-;G
Vademecum (leer);Kleinstadt;5 L;1;1;-;-;U
Beutelbuch (leer);Kleinstadt;6 L;1;2;-;-;G
Papyrus, 10 Bögen;Kleinstadt;20 T;0;1;-;-;U
Papier, 10 Bögen;Kleinstadt;30 T;0;1;-;-;G
Leinwand;Kleinstadt;30 T;2;0;-;-;G
Schreibutensilien (Satz);Kleinstadt;1 L;0;0;Edelhandwerk;Kalligraphie;G
Malerbedarf (Satz);Kleinstadt;10 L;1;2;Edelhandwerk;Malerei;G
Kreide;Dorf;2 T;0;1;-;-;U
Griffel;Dorf;2 T;0;3;-;-;U
Pinsel;Dorf;5 T;0;2;-;-;U
Tusche;Dorf;5 T;0;-;-;-;G
Kohlestifte;Dorf;2 T;0;1;-;-;U
Rohrfeder;Dorf;5 T;0;1;-;-;U
Rohrfeder, Metall;Dorf;50 T;0;4;-;-;G
Federkiel;Dorf;5 T;0;1;-;-;U
Federmesser;Dorf;60 T;0;6;-;-;U
Eisengallustinte;Dorf;15 T;0;-;-;-;G
Sepiatinte;Großstadt;50 T;0;-;-;-;F
Malfarben;Kleinstadt;50 T ;1;0;-;-;G

