Chakram;Großstadt;8 L;2;7;G;2W6;8;STÄ+INT;STÄ 2;Scharf (2);8
Dolch;Dorf;3 L;1;7;U;1W6+1;6;BEW+INT;/;Improvisiert, Nahkampftauglich;5
Großes Wurfholz;Kleinstadt;2 L;2;4;G;3W6+2;13;STÄ+KON;BEW 2, KON 3;Primitiv, Rückkehrend, Stumpf, Wuchtig, Zweihändig;12
Speerschleuder;Kleinstadt;3 L;1;3;U;2W10+1;13;BEW+STÄ;STÄ 2, BEW 2;Durchdringung (2), Zweihändig, Wuchtig;15
Stein, Bierkrug, Stiefel;Dorf;-;1;1-4;U;1W6;7;INT+STÄ;/;Improvisiert, Primitiv;4
Stockschleuder;Kleinstadt;3 L;2;3;G;1W10+1;10;INT+STÄ;INT 3, STÄ 2;Exakt (1), Scharf (2);12
Tanto;Kleinstadt;4 L;1;7;G;1W6;6;BEW+STÄ;BEW 2;Exakt (1), Nahkampftauglich;5
Valkarr;Kleinstadt;5 L;3;4;U;1W6+1;6;BEW+INT;BEW 2, INT 3;Nahkampftauglich, Umklammern;5
Valkyrja-Speer ;Kleinstadt;8 L;2;5;G;1W10+2;10;BEW+STÄ;BEW 3,INT 3;Durchdringung (2), Nahkampftauglich;12
Wurfbeil;Dorf;6 L;2;5;G;1W6+4;8;BEW+STÄ;STÄ 2;Nahkampftauglich;5
Wurfdolch;Dorf;2 L;1;7;U;1W6+1;6;BEW+INT;INT 2;Nahkampftauglich;5
Wurfhaken;Kleinstadt;1 L;2;6;G;1W6+1;8;BEW+STÄ;STÄ 2;Improvisiert, Kletterhilfe ;4
Wurfhammer;Kleinstadt;5 L;2;5;G;1W6+5;9;BEW+STÄ;STÄ 2;Nahkampftauglich;5
Wurfholz;Kleinstadt;1 L;1;4;G;1W6+3;8;BEW+STÄ;BEW 3;Primitiv, Rückkehrend, Stumpf;10
Wurflanze;Kleinstadt;7 L;3;4;G;1W10+3;11;INT+STÄ;INT 2, STÄ 2;Durchdringung (1), Nahkampftauglich, Reiterwaffe (2), Wuchtig;8
Wurfpfeil;Kleinstadt;2 L;1;3;U;1W6;6;BEW+INT;INT 2;Durchdringung (1),Scharf (2);8
Wurfspeer;Kleinstadt;7 L;2;4;G;1W10+5;12;BEW+STÄ;BEW 2, STÄ 2;Durchdringung (2), Nahkampftauglich, Wuchtig;10
Wurfstern;Kleinstadt;3 L;1;7;G;1W6+2;7;BEW+INT;INT 2;-;5

