Jagdpfeil;Dorf;+0 L;0;0;G;normal;0;0;normal;
Kriegspfeil;Kleinstadt;+3 L;0;0;G;normal;2;Für 1 EG: Blutend 1 (30 Ticks);normal;
Panzerspitze;Kleinstadt;+3 L;0;0;G;01;0;Durchdringung (2);normal;
Querschneider;Kleinstadt;+3 L;0;0;G;01;0;Für 1 EG: Verwundet 1 (30 Ticks);halbiert;
Feuerpfeile;Kleinstadt;+3 L;0;0;G;02;3;Für 1 EG: Brennend 1 (30 Ticks);normal;
Galanskefta;Metropole;+6 L;0;0;A;normal;0; +2 auf Geschossmagie, +1 auf Durchschlagendes Geschoß;normal;
Bleikugel;Kleinstadt;5 T;0;0;U;;;;normal;
Brandkugel;Großstadt;10 L;0;0;A;0;3;Bei Treffer: Kein Schaden, Brennend 2 (30 Ticks);1 Ziel;
Sprengkugel;Großstadt;10 L;0;0;A;0;3;Bei Treffer: Kein Schaden, Benommen 2 (30 Ticks);2 m Radius;

